I1,I2,I3,gx,gy,gz,ax,ay,az,V1real,V2real,V3real,N1,N2,N3,Tx,Ty,Tphi,Tz,Type
0.442735066666667,0.391453013333333,0.3418802,-0.316666666666667,-5.24466666666667,82.2493333333333,-0.0318359533333333,-0.0289876962666667,-3.2643333333333e-05,747.0,745.2,756.0,12010,12087,12139,-3.569546959261185,294.3512591691114,611.7180244381105,209.8070110172233,1
0.294016873333333,0.441025533333333,0.4102562,0.478666666666667,-1.11,16.6786666666667,-0.0103352723333333,-0.0090006213333333,-0.0025716099333333,154.8,151.2,156.6,2560,2359,2423,0.6194024795919707,-2.025031717059271,129.2515431204524,43.68805536353606,1
0.377777666666667,0.38632448,0.405128066666667,-0.460666666666667,-4.00533333333333,81.0933333333333,-0.0108723733333333,-0.0948242466666667,-0.02167978,729.0,747.0,766.8,12266,12280,12393,55.27905456113637,7.017698896530092,613.8176642741278,208.0679861175341,1
0.251281873333333,0.4376068,0.4017092,-0.102666666666667,-2.332,40.2113333333333,-0.0046223993333333,0.006559246,-0.0019368497333333,347.4,336.6,349.2,5701,5469,5515,0.4786309281853916,-4.212051092179706,303.1576519735167,110.6124183004658,1
0.442735,0.358974133333333,0.237606613333333,0.537333333333333,-2.186,37.0366666666667,0.015348304,0.011116544,0.000602224,334.8,342.0,347.4,5674,5807,5905,-2.45701857198344,1.914707578058188,315.3450287038027,106.9065677458002,1
0.283760533333333,0.442734733333333,0.5470088,0.0486666666666668,-2.12266666666667,35.428,0.0125976586666667,-0.0277343608,-0.0021484486666666,345.6,331.2,343.8,5074,4828,4795,-0.2735042748367553,-19.74509328337743,256.4508737708354,83.45772299339687,1
0.4581196,0.352136533333333,0.2153844,0.297333333333333,-0.95,17.83,0.0050130192,0.0033691392666666,0.0014974041333333,144.0,162.0,167.4,2585,2767,2902,-3.85608135502731,16.38168458323174,147.700438872427,52.15262248683804,1
0.3111108,0.422222066666667,0.357264666666667,0.569333333333333,-0.880666666666667,19.226,0.0009114566666666,0.0017740906666666,0.0038248652666666,158.4,158.4,158.4,2589,2494,2545,0.0,9.685605365938671e-15,139.4314374074515,52.88645864101292,1
0.28846125,0.645833625,0.7227566875,0.83375,0.1,1.269375,0.00852966275,0.008544919375,0.012847904375,-113.0625,-322.3125,453.9375,-1888,-5619,7840,52.22230672941726,-140.5616627603189,3.584673754519173,2.298128912698371,1
0.7726498,0.0,0.7401712,0.686666666666667,0.0726666666666667,0.708666666666667,0.0016275934,0.0062988292,0.0022949306666666,-257.4,-1.8,261.0,-4120,-7,4126,-638.4852145360779,0.1903724425313205,0.3807448850626522,1.40531879451939,1
0.24999975,0.7147438125,0.753205125,0.84,0.294375,1.34375,0.006607055625,0.014190661875,0.00033568875,-114.75,-312.1875,448.875,-1920,-5554,7786,44.8026263621982,-89.94093667362804,4.086261593430287,2.346544451355533,1
0.33974325,0.7996796875,0.791667125,1.44625,0.1,0.94625,0.007797245625,-0.01544189875,-0.0157775579375,-111.375,-317.25,447.1875,-1765,-5285,7493,49.43844661913162,-82.94226256875794,3.075978115891554,1.470022369778981,1
0.4735042,0.832478333333333,0.4615384,0.58,0.286666666666667,-0.0013333399999999,0.003548168,0.0020670491333333,-0.0011718793333333,144.0,-302.4,147.6,2602,-5361,2639,-12.03603996663357,-49.12379279813636,-1.955277625849397,-0.00226306412296,1
0.4290596,0.726496,0.4170938,0.751333333333333,0.619333333333333,-0.72533334,-0.0017252606666666,-0.0046874953333333,-0.0028157433333333,144.0,-316.8,154.8,2427,-5182,2485,-36.10811989990074,-61.45980888398767,-3.662602110930548,-1.383649699068911,1
0.464957,0.917948533333333,0.4444442,1.526,0.66,-0.778000006666667,0.017057284,-0.013444,0.0033203166666666,138.6,-298.8,149.4,2464,-5032,2490,-21.06179946700476,-38.23450916297756,-1.891260475855584,-1.277257519812541,1
0.7623934,0.0051282,0.74359,0.749333333333333,0.142,0.678,0.0017578006666666,0.00437826,-0.0097330673333333,-259.2,-1.8,261.0,-4146,-1,4133,-1106.710322521875,0.1444110902368753,9.028051563126927e-15,1.346026304027504,1
0.42905974,0.381196533333333,0.321367406666667,-1.358,-4.49266666666667,82.5393333333333,0.012776758,0.08448898,0.01455076,721.8,734.4,747.0,11972,12115,12125,-9.36014831373741,8.552941418103881e-13,623.0181847603666,218.8159791354512,1
0.82906,0.0068376133333333,0.794871866666667,0.991333333333334,0.062,0.636666653333333,0.0045410143333333,0.0049316446666666,-0.0058268228,-246.6,1.8,270.0,-4057,9,4124,-604.4508700762993,0.4918461472461677,4.944895807905714,1.17122405695735,1
0.7076926,0.0102564,0.760683866666667,1.01666666666667,0.38,0.867333333333333,0.0136067758666667,0.0053385433333333,-0.0013671932666666,-253.8,0.0,257.4,-4405,5,4378,385.862293036405,0.0994566718850713,0.7790964807292123,1.759730071924852,1
0.480341866666667,0.353845933333333,0.217093806666667,0.306666666666667,-1.082,17.7,0.0061360754,0.0079915532666666,0.013557946,149.4,162.0,172.8,2492,2634,2817,-3.555605152375199,7.022202513819519,147.3853978432012,50.50963332219372,1
0.370940006666667,0.427350266666667,0.336752066666667,-0.624,-4.574,83.2853333333333,0.0141601893333333,-0.0438964846666667,0.0039062333333333,734.4,745.2,747.0,12493,12493,12564,-14.74278752264786,2.448888633116191,627.7388002844006,220.1286514246204,1
0.28717934,0.3777778,0.391452806666667,-1.82066666666667,-5.03,82.9633333333333,0.027490202,0.0464029786666667,-0.0128743173333333,750.6,739.8,738.0,12100,12073,12049,-4.833364080806518,-4.680159624644234,675.0087664582578,235.5991573042818,1
0.314529673333333,0.331623666666667,0.3418802,0.096,-2.15466666666667,37.4253333333333,-0.0154785193333333,0.0009928433333333,-0.0090169173333333,347.4,343.8,360.0,6025,6018,6005,18.42626618905179,-115.8833324066381,340.4570442303683,113.6354734410935,1
0.288888733333333,0.449572533333333,0.270085273333333,0.153333333333333,-2.28866666666667,40.14,-0.0199056073333333,0.0039387966666666,-0.0005859412666666,349.2,340.2,358.2,5847,5663,5901,-19.14717631128491,-3.174901253221699,332.3902165480145,119.3991918334524,1
0.2786322,0.4974358,0.300854406666667,0.238,-2.58466666666667,40.1226666666667,-0.010791018,0.0079264226666666,-0.0026041726666666,349.2,338.4,347.4,5674,5450,5626,-3.239749754321738,-1.90667870228173,307.5421918265821,111.7700439184241,1
0.413675066666667,0.314529666666667,0.358974066666667,0.294666666666667,-0.672666666666667,16.8133333333333,-4.88167999999996e-05,0.0083658913333333,0.0017415306666666,151.2,163.8,151.2,2677,2827,2771,0.0,-7.019850577466314,137.2208401575522,46.39518431967852,1
0.199999806666667,0.3230766,0.4820512,0.467333333333333,-1.03666666666667,18.4813333333333,0.0007649812666666,0.0022298192,0.0015950466666666,167.4,156.6,156.6,2736,2579,2440,-1.531626353764529,12.03315580095588,153.0069813613807,55.16099065361253,1
0.7299148,0.0136752066666667,0.7452994,0.816666666666667,0.193999986666667,0.936,-0.000374352,0.0141601573333333,-0.0098307306666666,-257.4,0.0,259.2,-4132,-13,4157,1343.010142493021,0.0497283318210248,0.3868647576016305,1.885965693307922,1
0.14583319375,0.44711550625,0.49839750625,0.794375,0.0125,1.201875,0.007049561875,0.048171996875,0.00148010125,-67.5,-172.125,253.125,-1178,-3264,4621,36.37616326989145,-84.78091139479744,3.958403025594357,3.303823358601541,1
0.3317304375,0.727564375,0.79166675,0.98625,-0.040625,1.2525,0.013565059875,0.006042485,0.0095977725,-111.375,-317.25,442.125,-1827,-5453,7713,48.1369181399698,-116.3903394661711,2.333918264845225,2.030022657443503,1
0.366986875,0.729166875,0.774038625,0.25625,-0.01687499375,1.521875,0.0145874075,0.0142211936875,-0.00358582675,-101.25,-313.875,447.1875,-1796,-5535,7826,53.89340950843852,-122.7445811249576,5.486057840347295,2.441255636192556,1
0.42393154,0.752137,0.398290266666667,1.20333333333333,0.582666666666667,-0.416,-0.0021972666,0.014550808,-0.0122070294666667,147.6,-298.8,142.2,2272,-4735,2265,8.42448769343679,-52.04316689610436,-1.829312669936852,-0.7927021569726341,1
0.398290266666667,0.829059866666667,0.417093866666667,0.902,-0.103333333333333,0.566,-0.000358076,-0.010139976,-0.0024902346666666,149.4,-313.2,147.6,2556,-5199,2580,-3.828701338826337,-43.82884915096436,-3.152427533389641,1.032565962904246,1
0.475213533333333,0.894017066666667,0.4444442,0.774,0.172,-0.29533334,0.0119628946666667,0.0156250013333333,0.0059244806666666,145.8,-309.6,153.0,2373,-4934,2426,-9.360495716108025,-42.28595670940629,-1.905520374125989,-0.4885101532366994,1
0.7880344,0.0102564,0.7641028,0.695333333333333,0.212666666666667,0.95,-0.004720058,0.0058593693333333,0.0025227831333333,-253.8,0.0,261.0,-4274,11,4311,-860.5145688108544,0.1880352884781251,1.474657586940477,1.824120713012304,1
0.3846152,0.473504206666667,0.333333213333333,0.0306666666666667,-4.64333333333333,76.17,0.037239598,-0.06022136,0.0633951866666667,680.4,685.8,689.4,11285,11278,11327,-7.020245954252005,0.3143322404467114,552.0910631988122,191.7906098760103,1
0.639053769230769,0.0177514692307692,0.621301615384615,0.658461538461539,-0.192307692307692,0.836923076923077,0.0323016676923077,-0.0043381937692307,-0.0104229153846154,-261.692307692308,0.0,267.923076923077,-4637,0,4645,-1193.471097693545,0.2034777001754502,1.559995917288402,1.96443930325214,0
0.1762818875,0.24999975,0.3461535,1.308125,-0.0049999999999999,17.766875,-0.0111541593125,0.0080261225,-0.008178714375,175.5,163.6875,160.3125,2996,2857,2752,-3.576193790770405,15.04085262694052,206.9291924364623,69.00309864620066,0
0.562130230769231,0.0374753153846154,0.597632846153846,2.42153846153846,0.582307692307692,-0.152307692307692,-0.0017465484615384,-0.0065542383846153,-0.0021784936923076,-267.923076923077,-4.15384615384615,270.0,-3897,-25,3881,606.0362922050397,0.3829080945126069,-0.5551222910313529,-0.3816465750840381,0
0.343195307692308,0.0098619307692307,0.357001930769231,1.72846153846154,0.0138461538461539,-0.229230776923077,-0.0108736661538462,-0.00848861,-0.0200383223076923,-168.230769230769,4.15384615384615,176.538461538462,-3083,-16,3060,998.7264307154136,4.1349697491821534e-14,5.615976291220402,-0.9684959438329568,0
0.353276111111111,0.562678388888889,0.314814555555556,1.52944444444444,0.906666666666667,-0.0916666722222221,-0.0021701423888888,-0.0004069,0.00945367,159.0,-316.5,160.5,3806,-8010,3928,-1.560069561749115,-83.32183172926457,0.7799982097957753,-0.2234370007227167,0
0.292307666666667,0.516239266666667,0.494017066666667,-1.208,-1.168,1.76733333333333,0.02242838,0.0291503533333333,0.0081868513333333,-109.8,-325.8,482.4,-1648,-5325,7508,117.4352637812444,-166.4345596276753,11.497297259949,4.070424016576489,0
0.09743582,0.716239533333333,0.425640733333333,0.497333333333333,1.094,0.61266666,0.0003743546666666,0.0019205986666666,0.004752594,-140.4,-311.4,466.2,-2374,-5403,8171,73.92903325159934,-41.72423609610172,3.718170767783393,1.483072438546537,0
0.292307533333333,0.3846152,0.606837533333334,2.53066666666667,2.05466666666667,1.75733333333333,-0.013785814,-0.0133951780666667,-0.0058105493333333,-102.6,-340.2,455.4,-1729,-5448,7386,70.96263341847647,318.1091614432724,3.140765984424222,4.106676158205484,0
0.16346139375,0.2804484375,0.346153625,0.916875,0.0825,19.880625,-0.0064392,0.02894592,0.002380378625,165.375,160.3125,156.9375,3172,2980,2913,-1.847351679837949,-1.316332011597793,195.4772269829549,75.48969397218352,0
0.220512686666667,0.241025613333333,0.32649568,2.19333333333333,-5.57866666666667,87.4266666666667,0.0213379353333333,0.0020832733333333,0.038395124,747.0,759.6,765.0,12374,12418,12389,6.793431764722391,-4.43348798201492,922.4338685222618,332.8270203766328,0
0.2836535625,0.307692,0.2227562,-16.46125,0.52625,17.50375,-0.0099487381875,0.038452138125,-0.116546653,158.625,153.5625,167.0625,2765,2776,2925,-5.542269576822753,-6.81372458489329,188.3787039017598,64.50183369367035,0
0.346153571428571,0.280219578571429,0.239926585714286,0.890714285714286,-0.838571428571429,39.105,-0.0115269116428571,-0.035191165,0.003574915,341.357142857143,351.0,356.785714285714,5528,5624,5701,-5.809756492537581,-6.016444949529451,387.5385594954874,135.4203272869399,0
0.208791007142857,0.276556578571429,0.2948715,0.608571428571429,-1.43071428571429,41.3421428571429,-0.0234549435714286,-0.0297502842857143,-0.0017089878571428,341.357142857143,347.142857142857,352.928571428571,5874,5829,5842,5.376918909241269,1.379481181268838e-13,427.1311322237809,158.9629809798113,0
0.404761792857143,0.360805857142857,0.148351528571429,0.395,-0.604285714285714,36.7792857142857,-0.0017961214285714,-0.066179565,-0.0182407935714286,316.285714285714,306.642857142857,337.5,5524,5614,5918,-3.309450825115395,-9.614506204175568,336.2837121838404,120.7300355871969,0
0.20192288125,0.3846150125,0.38782044375,0.0543749999999998,-3.8775,81.94875,-0.0401306375,-0.054733275,0.0026855918749999,750.9375,725.625,745.875,14405,14135,14168,-1.089299453713924,-10.15412541640264,729.8934929260779,252.3152762103515,0
0.34615375,0.29487165,0.23878195,-1.690625,-5.820625,82.38125,-0.0037078425,0.0289916411875,-0.02816778125,745.875,742.5,749.25,13812,13828,13898,-1.257333655259314,-84.29421804103954,813.8572136597394,280.905708826908,0
0.497041384615385,0.0019723846153846,0.493096692307692,1.01307692307692,-0.0707692307692308,-0.173846153846154,0.0125450738461538,-0.0257474546153846,0.0016526476153846,-265.846153846154,0.0,278.307692307692,-4620,8,4623,-5520.256971432677,0.5054384553800622,4.019391392501101,-0.5256842909174089,0
0.27692294,0.331623813333333,0.252991413333333,2.872,-3.29466666,86.6046666666667,-0.029606128,0.0268715773333333,-0.0207681873333333,772.2,765.0,774.0,12826,12866,12911,-3.008801419142975,-4.860111539559767,858.4430188768313,301.5688745382068,0
0.609467615384615,0.0236686230769231,0.522682615384615,0.226153846153846,0.790769230769231,1.24230769230769,-0.0007136407692307,-0.0209960977692308,0.0006009529230769,-265.846153846154,2.07692307692308,272.076923076923,-4349,29,4435,-247.9386128846891,0.0765815808902995,2.300061665744658,3.224478810918162,0
0.218803206666667,0.305982673333333,0.3025638,0.154,0.499333333333333,1.22866666733333,0.033821606,-0.0037434933333333,0.0224283993333333,-115.2,-352.8,489.6,-2071,-6215,8553,288.817196622152,-476.8457185546231,8.354357418652453,4.455173822607295,0
0.456410133333333,0.0085470066666666,0.309401473333333,-0.158666666666667,0.178666672666667,0.172666666666667,-0.0025553246666666,0.0071614653333333,0.0158854264,-293.4,-3.6,300.6,-4763,-14,4870,-161.6250358500913,0.7693123511343921,1.487677049280754,0.6689381176453308,0
0.329914266666667,0.0102564,0.333333066666667,0.669333333333333,0.308,0.119333326666667,0.007438158,0.0004231733333333,0.015087878,-300.6,1.8,306.0,-4863,-1,4906,7093.63328265597,0.1120208425149761,3.420901211480078,0.5315462522968105,0
0.24358950625,0.3333331875,0.161858825,0.468125,-0.225625,0.50125000625,-0.009231569,0.0133514285625,0.00596618375,170.4375,-351.0,175.5,3234,-6589,3261,-2.47770223383712,-160.4712324306934,-2.192790940910604,2.03543791265997,0
0.19070494375,0.3301280625,0.246794625,0.058125,-0.139375,-0.068125,-0.020568843125,-0.0298156688125,-0.018630985,172.125,-352.6875,180.5625,3023,-6186,3024,6.016963740778864,-189.9969666589778,0.0,-0.2662413297228622,0
0.141025575,0.2291665,0.124999875,-0.0525,0.277499999375,0.531875,-0.0084228475,0.02685545,-0.01322936425,91.125,-178.875,87.75,1602,-3358,1617,8.424879557176325,-111.619823867922,0.0,3.222215816215412,0
0.165811813333333,0.252991206666667,0.2461536,0.248666666666667,-0.192,1.19533332666667,0.0110839786666667,0.031852204,0.0014485348,-118.8,-358.2,502.2,-1873,-5629,7704,309.1724185910884,-467.9303082519567,12.12705216596457,5.392808634003987,0
0.2854698,0.26666648,0.259828806666667,0.646666666666667,0.206666666666667,1.902,0.0188313806666667,0.0152506746666667,-0.0143066267333333,-113.4,-352.8,496.8,-1854,-5798,7973,-951.977505554554,3639.50922883503,12.05958726801522,7.027369786692682,0
0.218803273333333,0.24444434,0.30085454,3.08466666666667,-5.29,84.9106666666667,-0.0460123259333333,-0.08540027,0.015185558,770.4,761.4,783.0,12411,12432,12466,6.142371490106965,39.77624777396029,969.4163123604292,333.3729642952375,0
0.170940026666667,0.25982888,0.147008426666667,0.737333333333333,-1.25466666666667,21.9566666666667,-0.0114095106666667,0.0043782526666666,0.0057128906666666,180.0,172.8,171.0,2791,2784,2883,15.04396099319675,-1.070863889035218,290.103332235261,114.0052649767127,0
0.3111108,0.2615382,0.205128013333333,0.470666666666667,-1.28533333333333,18.6166666666667,-0.00779624,-0.008561186,0.0191569053333333,163.8,165.6,176.4,2736,2774,2860,-4.755566943797704,-52.67326578149263,208.0999732897912,71.80693646349135,0
0.270085206666667,0.2256408,0.0905982266666667,0.532666666666667,-0.820000000666667,21.1106666666667,-0.0211751385333333,-0.0052571726666666,0.013199862,163.8,171.0,187.2,2732,2798,2936,-5.214913262759926,-3.973721924090861,284.8921054721603,108.0147678625651,0
0.3145296,0.256410146666667,0.17264942,1.40533333333333,-2.47666666666667,38.8666666666667,0.02524414,0.0069661146666666,-0.0019531466666666,360.0,356.4,367.2,5785,5862,5911,-2.029906614873141,-22.46641154461441,466.3201356119717,156.8063855791919,0
0.32307674,0.213675013333333,0.191452806666667,1.23333333333333,-1.968,40.34,0.0223470753333333,-0.0192057106666667,-0.0076823667333333,358.2,360.0,358.2,6006,6097,6125,0.0,-1.65170724590213,473.0079978845592,166.1888816424812,0
0.188034,0.1914528,0.222222006666667,0.0253333333333334,-1.60533333333333,40.6913333333333,-0.0199219013333333,-0.01266277,-0.108186748,336.6,336.6,334.8,5516,5545,5459,-2.105895005368965,-2.632213269718406,536.070584665609,202.8778538953047,0
1.21116170588235,0.0,1.01357570588235,0.810588235294118,0.0823529411764706,0.813529411764706,0.0013355876470588,0.0019243947058823,-0.0024988587058823,-219.176470588235,0.0,231.882352941176,-4348,0,4608,-91.31472423612148,0.2284470095612188,1.827576076489756,1.097021577163784,0
1.11010617647059,0.0,1.08446558823529,0.641764705882353,-0.0376470588235294,0.760588229411765,-0.0030876652941176,0.0061609652941176,0.0039062465882352,-222.352941176471,0.0,231.882352941176,-4001,2,4125,-708.6670182929469,0.1736903552881629,1.389522842305303,1.039729757642183,0
0.155354429411765,0.0,0.113122117647059,0.703529411764706,0.0370588235294118,0.211764705882353,0.0129968645882353,0.0198328161176471,0.0110724965882353,-4.76470588235294,0.0,7.94117647058824,-279,0,343,-12.03476953337638,0.473253269835014,3.786026158680111,2.366266349175067,0
0.372780769230769,0.467455538461539,0.339250153846154,1.05923076923077,-0.340769230769231,16.91,0.0135592130769231,-0.0152494123076923,0.0090144336153846,155.769230769231,162.0,164.076923076923,3094,3004,3136,-9.91108737500397,0.7454951900028877,130.7267035939865,43.01013417604474,0
0.42948675,0.509615,0.4102562625,0.1325,-3.7125,76.580625,0.0115203875,-0.04873654875,0.0410310125,742.5,756.0,762.75,12971,12936,13062,-42.12441112687939,1.504312466871249,536.2538218436929,170.2597547074156,0
0.3863246,0.382905733333333,0.384615066666667,-0.148666666666667,-1.676,38.1446666666667,-0.0094563784666666,0.00403646,5.999999999154831e-09,342.0,358.2,351.0,5890,5902,5881,-210.7973589688601,-182.413470533177,291.5322324839208,99.17594027083638,0
0.439316,0.432478466666667,0.316239206666667,-0.233333333333333,-0.884,33.3766666666667,0.0037760446,0.0007487002,0.0091471328,343.8,351.0,365.4,5846,5943,5995,-7.02010619370435,-2.632571774601332,285.5669421787376,84.28191001803029,0
0.430768933333333,0.396581,0.3555552,0.294666666666667,-1.77866666666667,36.7033333333333,-0.0252604078,0.0055989046666666,0.0208007826666667,342.0,343.8,356.4,5590,5618,5639,-7.658352259984703,-63.20532953580693,281.9356724348614,93.08415158979372,0
0.422090384615385,0.333333076923077,0.357001615384615,9.82769230769231,1.62538461538462,15.7,0.00393442,-0.0087139361538461,0.0457106369230769,164.076923076923,174.461538461538,172.384615384615,2814,2947,2839,-5.105589479958427,-4.433573371191902,146.9716451850126,42.33981591895483,0
0.362918923076923,0.475345076923077,0.329388230769231,0.0123076923076923,-1.72846153846154,17.0746153846154,-0.0045447853846153,-0.0030799261538461,0.0161508423076923,166.153846153846,155.769230769231,162.0,2833,2703,2881,4.95553231835527,-2.572240051921033,132.6208118070679,43.86898187412805,0
0.342382823529412,0.812971529411765,0.915535941176471,0.662352941176471,0.63764705882353,-4.25117647058824,0.0073960358823529,-0.0119198090588235,0.0102682994117647,-108.0,-328.764705882353,454.235294117647,-2068,-6160,8464,39.23793330294767,-109.0985464076407,2.699602268824807,-6.158467675756639,0
1.22564133333333,1.507692,1.164103,0.721333333333334,-0.124,4.48466666666667,0.0066731745333333,-0.0103027348,-0.011686192,77.4,-234.0,86.4,1729,-5173,1808,-5.850176845926114,-40.39405192577136,-5.763784392453239,3.4520101146753,0
0.276017882352941,0.728506941176471,0.831071058823529,0.968823529411765,0.722941176470588,-3.21588235882353,0.0017951482352941,-0.0133128876470588,-0.0123793764705882,-111.176470588235,-333.529411764706,462.176470588235,-2067,-5892,8250,41.3186466689444,-116.375534509965,3.04564809285993,-5.255858003195048,0
0.377073829411765,0.929109647058824,1.03016611764706,-0.355294117647059,-0.0423529411764706,-4.01823529411765,0.0336626647647059,-0.0020967552941176,0.029383037,-108.0,-319.235294117647,446.294117647059,-1982,-5735,8079,33.94880984543316,-86.6355596919985,2.61040373134053,-5.159626125227708,0
0.601810176470588,1.069383,0.565611058823529,0.303529411764706,0.944117647058824,-2.36705882352941,0.0003734046470588,-0.0103831582352941,-0.0046961154117647,142.941176470588,-314.470588235294,149.294117647059,2827,-5910,2910,-7.020331520438788,-37.93418564132932,-3.181004605750678,-3.174693088675788,0
0.529411823529412,1.02413347058824,0.453996823529412,0.808235294117647,0.0900000000000001,-1.44941176470588,0.006218409117647,-0.0109863263529412,-0.0062471029411764,155.647058823529,-314.470588235294,169.941176470588,2841,-5824,2967,-7.581752142972658,-35.85574179093067,1.772138034433367,-2.165946486529764,0
0.692308,1.15686211764706,0.550528,1.16529411764706,0.698235294117647,-3.42176470588235,0.0013212323529411,-0.0103113667058824,-0.0015222964705882,141.352941176471,-306.529411764706,162.0,2670,-5662,2875,-5.82516887028922,-34.23006441784359,-0.4235821622785529,-4.277738607594729,0
0.911010764705883,0.0045248882352941,0.947209882352941,1.17058823529412,0.222941176470588,0.664117647058824,0.0117043911764706,0.0037195615882353,0.0057444993529411,-268.411764705882,0.0,268.411764705882,-4829,6,4786,593.1612477520555,0.0,0.0,1.069576973717437,0
0.4038460625,0.501602625,0.2676279375,-0.5625,-5.16875,74.3475,-0.0474242466875,-0.03778071,-0.07167065,750.9375,747.5625,761.0625,14067,13953,14157,-2.973210428138871,-2.034798061364947,616.3775967040602,190.1341522319937,0
0.4246793125,0.5144230625,0.38461525,-0.79875,-4.934375,74.785,-0.00245660625,0.0106507,0.01577752875,756.0,756.0,754.3125,13164,13084,13251,1.684874525350038,0.3074490638034288,547.8648487478241,169.4881803326136,0
0.4991452,0.0290598,0.352136466666667,-0.066666666,-0.334,1.70666666666667,0.0265299526666667,-0.0055664315333333,0.0120117112,-289.8,0.0,302.4,-4683,11,4811,-161.1351826330721,0.6354288926491618,4.580025379459405,5.815905243758003,0
0.85348,1.0183145,0.893773,-0.0535714285714285,-3.99142857142857,66.5057142857143,0.0091552357142857,-0.0801479343571429,-0.0114222312142857,698.142857142857,682.714285714286,690.428571428571,11153,10912,11255,-7.657860292565352,-3.199034760375794,239.6653524368402,72.14321343720687,0
0.924908714285714,1.10256328571429,0.8296705,-0.693571428571429,-3.57357142857143,66.3657142857143,-0.0041329571428571,0.0045689571428571,-0.0140729971428571,684.642857142857,678.857142857143,694.285714285714,11136,10896,11302,-4.050068594122267,-1.883435926159666,230.4717868135969,69.68393554235955,0
0.835165357142857,1.18498121428571,0.851648571428571,-0.5,-3.73928571428571,66.1757142857143,0.0026506613571428,-0.0203507907142857,0.0015520885714285,690.428571428571,676.928571428571,700.071428571429,11668,11211,11659,23.39797035673637,-2.145537496352277,230.3703498460177,69.1299085038161,0
0.844444533333333,1.06324786666667,0.781196466666667,0.263333333333333,-1.39333333333333,26.788,0.0133789106666667,0.0284016753333333,-0.0040690053333333,271.8,259.2,280.8,4905,4655,5038,-5.692029462047803,-2.731347241019788,96.61080210043392,29.88740491808047,0
0.883760533333333,1.073504,0.801709533333333,0.276,-1.61666666666667,28.3606666666667,0.006396486,-0.0048990866666666,-0.0117513,300.6,280.8,300.6,4784,4570,4885,0.0,-3.432026235933883,102.2987843610444,30.83824111042513,0
0.823931666666667,1.07521353333333,0.769230866666667,0.0946666666666667,-1.28533333333333,28.1766666666667,0.010465494,-0.0006510786666666,0.008219394,298.8,279.0,309.6,5234,4849,5302,-7.897757972791525,-3.617690939371057,106.4196626136528,31.67840771048878,0
0.3044872,0.403846525,0.3285259375,-0.37124999375,1.0325,4.07875,0.0040435801875,-0.015777594375,-0.015197761875,27.0,27.0,32.0625,544,426,542,8.4232963741425,-1.159283142241248,26.56089470287007,11.80122541060254,0
0.9198708125,1.10576925,1.0256415,-0.503125,0.73125,9.54875,0.0040893520625,-0.02670289625,-0.01579284125,109.6875,92.8125,106.3125,1851,1647,1759,-1.2763251570997,-4.567271039108189,32.38635990051157,9.38825908014602,0
0.956731,1.141026625,0.9967948125,-0.296875,0.408125,9.860625,0.002868652,-0.02044676125,-0.0156249883125,101.25,94.5,101.25,1949,1751,1884,0.0,-1.643713338676662,30.71200433131682,9.559329473153122,0
0.0874810882352941,0.0739064352941176,0.0512820117647059,1.01411764705882,0.125294117058824,0.526470588235294,0.0069077725882352,0.0013643170588235,0.0031881876470588,7.94117647058824,7.94117647058824,-4.76470588235294,176,133,-72,14.04067901290332,56.17864288264115,16.72828630130096,7.426496150627155,0
1.23982058823529,1.32277588235294,1.11312270588235,0.635882352941177,0.182941176470588,-0.618235294117647,0.01434684,0.0144043070588235,0.0119198052941176,-27.0,-262.058823529412,424.058823529412,-547,-4944,7933,-142.4064811610365,-125.9274433572748,11.75279249246213,-0.5045827168945138,0
1.16742047058824,1.30618470588235,1.15535511764706,0.964117647058824,0.380588235294118,-0.817647058823529,-0.002053650117647,0.0079848317058823,-0.0100815617058824,-28.5882352941177,-255.705882352941,416.117647058824,-591,-4740,7561,-1474.535336924749,-124.1670803673549,11.62412678026865,-0.6759344136786034,0
0.03760682,0.0598290066666667,0.02905982,0.845333333333333,0.072666666,0.552666666666667,0.0019693992,-0.00844726,-0.0157552026666667,-5.4,3.6,0.0,-61,88,-51,-25.27714768972377,9.511520514688996,-4.553408397465332,13.10685958853737,0
1.02905946666667,1.3452984,1.02735086666667,0.77,-0.172666666666667,3.85066666666667,-0.00128582,0.0111979145333333,-0.0172526293333333,70.2,-203.4,72.0,1249,-3618,1275,-42.18252503602791,-34.62720356843143,-5.757101581564534,3.395937370824834,0
0.504273466666667,0.0290598133333333,0.347008266666667,0.33,0.153333333333333,0.608,-0.0048665479333333,-0.0169433973333333,-0.0058756582666666,-291.6,0.0,298.8,-4704,-1,4853,-150.1683786321545,0.3631022060593909,2.617157121860807,2.07191605480648,0
0.2003204375,0.33493583125,0.2115383125,-0.0093749999999999,-3.509375,41.838125,0.034210133125,-0.01988228375,-0.035278250625,378.0,374.625,384.75,6889,6788,6867,24.06501393295822,-2.092942843814162,487.3609785811021,168.0701412957341,0
0.4198716875,0.51602575,0.3541665,-0.170625,-4.690625,74.286875,-0.003128120625,-0.0083160375,-0.031677259375,747.5625,744.1875,757.6875,12229,12152,12262,-6.164059366910741,-2.61617449883902,557.9710471418854,172.7512104386444,0
1.05882347058824,1.56108529411765,1.02111488235294,0.976470588235294,0.285294117058824,-1.83941176470588,0.0006462405882352,-0.0097225529411764,-0.0085018423529411,-44.4705882352941,-243.0,417.705882352941,-785,-4479,7617,-490.2837492756167,-32.9768256356834,11.44602832042213,-1.515571246526084,0
1.24886941176471,0.0,1.01206652941176,0.634705882352941,0.0582352941176471,0.550588235294118,-2.87317647058821e-05,0.0022977866470588,-0.0034754117647058,-220.764705882353,0.0,228.705882352941,-4060,5,4438,-75.92371703630651,0.1404934264426585,1.123947411541268,0.7305658175018497,0
1.18401223529412,0.0,1.03167458823529,0.913529411764706,0.137647058823529,0.523529411764706,-0.001594094117647,0.0092773494117647,0.0010627270588235,-227.117647058824,0.0,230.294117647059,-4050,2,4322,-120.1060865211712,0.0573450408897966,0.4587603271183728,0.7088484221100503,0
1.0307692,1.535042,1.013675,0.894,0.0466666666666667,2.97066666666667,0.0052734319333333,0.0005208359999999,-0.0097493466666666,91.8,-246.6,100.8,1870,-4878,1986,-21.06190873489468,-26.74631019479799,-4.827504438342767,2.489740714960115,0
1.07179493333333,1.388036,1.16068446666667,0.404,-0.379333333333333,4.52866666666667,0.0134277339333333,0.0028971333333333,-0.0016276086,95.4,-244.8,90.0,1630,-4250,1542,-2.429935034297769,-49.66982444108563,-5.250076895065634,3.752501299261457,0
1.04273453333333,1.490598,1.07863286666667,0.710666666666667,-0.174666666,4.2,0.0040039100666666,0.0056477953333333,-0.0130371146666667,84.6,-230.4,97.2,1755,-4525,1770,14.03897164550992,-29.89443440623306,-4.305685509319518,3.488402611717202,0
0.935143529411765,1.43288117647059,1.22322941176471,0.809411764705882,0.293529411764706,-0.556470588235294,-0.0117187476470588,-0.0304027045882353,-0.03403605,-54.0,-238.235294117647,408.176470588235,-987,-4523,7451,64.17165438296121,-46.96991884542013,10.33097192854191,-0.4648544256278855,0
1.03167476470588,1.49924647058824,0.974358294117647,1.03764705882353,0.218235293529412,-1.26529411764706,-0.0046673962941176,-0.0048397217647058,-0.0048684594117647,-44.4705882352941,-247.764705882353,408.176470588235,-831,-4752,7952,-315.9027296463786,-34.63063471656483,10.58436122032485,-1.082903395401391,0
0.899267571428571,1.17582285714286,0.842490428571429,-1.60214285714286,-3.90785714285714,66.2628571428572,0.024448915,0.100655715,0.0304478385714286,696.214285714286,661.5,705.857142857143,10361,10005,10441,-6.793685509911766,-5.185991825621334,226.3320917156156,68.13465564730738,0
0.8493589375,1.048078125,1.0865389375,-0.213125,0.935625,7.79375,-0.001678468,-0.0352020498125,-0.023025507,109.6875,101.25,96.1875,1938,1719,1671,-2.276735207770236,-0.8424054419391434,32.93588862388106,7.835594687496126,0
0.915064,1.1506401875,0.9983984375,-0.43375,0.648125,10.251875,0.0039978006875,-0.029159535625,-0.01899717875,106.3125,92.8125,99.5625,1911,1619,1844,-3.239889731617543,-2.088625067465323,31.19344164253476,10.03739060072383,0
0.9118583125,1.09134575,0.9054485,-0.3575,0.570625,10.2125,0.000991821,-0.0258941755,-0.0119476363125,109.6875,87.75,116.4375,1943,1645,1953,-42.13430248585986,-5.5421496732783,34.53141764013869,10.53321692502737,0
0.926496,1.19829186666667,0.8957268,0.461333333333333,-0.747333333333333,25.3026666666667,0.00486654,-0.01158852,0.0005371029333333,293.4,275.4,311.4,4667,4350,4753,-23.40134070145032,-3.760721102021232,93.25024088034348,25.13079159830551,0
0.818803533333333,1.10085433333333,0.8051284,-0.248666666666667,-1.56,28.9313333333333,-0.00110677,-0.004068998,0.002018226,300.6,284.4,307.8,5016,4732,5042,-21.06279147735271,-2.741557652442058,104.8506772597144,31.85347250951934,0
0.7760686,1.044444,0.7931626,0.307333333333333,-1.61266666666667,29.5846666666667,-0.0017415293333333,-0.0124511793333333,-0.006233722,297.0,289.8,307.8,5305,4935,5306,25.26946484164111,-1.939752966301787,109.5284033053495,33.95750861754905,0
1.36500782352941,0.0,1.02564123529412,0.731176470588235,0.125882352941176,0.495294117647059,0.004724844117647,-0.0031307501764705,-0.0093635111764705,-200.117647058824,0.0,231.882352941176,-3592,4,4091,-50.91864901475362,0.5314818735769327,4.25185498861546,0.6215385243774865,0
0.274038325,0.21474345,0.4166665625,0.43875,-3.671875,82.479375,-0.0207214150625,0.0184632849375,0.004653981875,749.25,750.9375,745.875,14770,14829,14554,-0.9465051449226412,-1.033607607811427,793.7919689692878,273.2760058460901,0
0.29647425,0.315704875,0.306089625,-1.26625,-6.23625,85.165,0.1006011375,-0.0149537,0.08798222,745.875,735.75,750.9375,13308,13422,13431,21.05622812870678,-35.10399015354684,778.0049859967926,278.2346293458337,0
0.3926279375,0.3253206375,0.41666669375,-2.400625,-5.0625,80.590625,0.022109929375,-0.024810808125,-0.045028703125,735.75,740.8125,742.5,14072,14242,14064,11.23105307270024,-0.8508956287089425,625.8492565806398,213.0865346160504,0
0.155677507142857,0.4615385,0.503662928571429,1.20142857142857,-1.24285714285714,37.4828571428572,-0.0142822085714286,0.0012555885714285,0.0155378007142857,356.785714285714,339.428571428571,337.5,5418,4971,5002,-2.21683060341557,-2.340023951120214,295.1145530039923,100.3215127710247,0
0.228937521428571,0.439560364285714,0.258241571428571,-0.12,-1.71714285714286,41.4492857142857,-0.0031215121428571,0.0282330671428571,0.0066615507142857,349.071428571429,329.785714285714,358.714285714286,5482,5192,5448,13.16171276526813,-4.920595350485827,358.2687450907156,134.1773609101942,0
0.208791071428571,0.428571142857143,0.391941214285714,-0.21,-1.07785714285714,38.6907142857143,0.0151193164285714,0.0039760178571428,-0.0044642885714285,364.5,335.571428571429,341.357142857143,6076,5789,5840,-5.054353312951506,-5.41549734824473,323.7686403257676,112.7673350085253,0
0.1201922375,0.272435625,0.2884613125,1.0325,-0.82875,21.63625,0.0008239761875,0.02050782375,0.0036468416875,175.5,158.625,165.375,3270,2992,3012,-2.406834596554318,-6.937577221841667,234.6818916250212,95.30097743378126,0
0.1025640375,0.3413458125,0.4294870625,-0.0825,0.575,18.955,0.008010867,0.02143859875,-0.000244135625,172.125,158.625,156.9375,2996,2763,2617,-1.858225744297449,-3.136668635520906,178.6810346171176,65.10763189479938,0
0.2804485,0.18269214375,0.43589725,1.326875,0.659375,16.791875,0.009872440375,0.02578733625,-0.0069122433125,163.6875,167.0625,150.1875,2733,2901,2575,-3.473775011025735,-2.307925976978378,171.1824245925744,56.03262916092465,0
0.2427348,0.3794868,0.550427466666667,0.36,1.24866666666667,1.27333333333333,0.0052571566666666,-0.0200683642,-0.0193684900666667,-111.6,-338.4,457.2,-1842,-5703,7755,73.9434974924289,1196.080916402626,1.964777162376273,3.257573246648145,0
0.3538458,0.372649266666667,0.463247866666667,8.76933333333333,3.088,1.69533333333333,0.00694173,-0.0106770658,0.0173990599333333,-102.6,-333.0,469.8,-1770,-5897,8092,209.2797532481194,575.6138506850727,9.198602569994076,4.274862268913538,0
0.381196333333333,0.533333533333333,0.6735048,-1.364,2.25466666666667,2.478,0.024837246,0.0178873346666667,0.010839868,-99.0,-333.0,460.8,-1580,-5225,7247,76.60355368456526,-3436.615322886301,5.803388794514319,4.68124916432503,0
0.304843,0.632478944444445,0.2578345,1.02888888888889,-0.190555555555556,1.00777777222222,0.0064832966666666,-0.0200466655555556,0.0030517584444444,157.5,-316.5,162.0,3043,-6165,3126,-3.829235828222746,-54.25206706466801,0.803240106968526,2.529648517375871,0
0.3148145,0.544159722222222,0.2720795,0.656666666666667,-0.238333327777778,0.412777777777778,0.0105929783888889,-0.0171305422222222,0.0047742988888888,157.5,-330.0,159.0,3358,-7040,3516,-1.404058310526062,-77.89838774224978,-3.819437093758095,1.094846358280195,0
0.394586666666667,0.7222225,0.373219166666667,-0.715,0.0922222222222222,1.12277777777778,0.0213216016666667,-0.0078125038888888,0.0186225183888889,157.5,-303.0,156.0,2962,-6213,3040,2.808230443327804,-54.35712989033747,2.254986136756855,2.260578860310324,0
0.637081153846154,0.0157790923076923,0.550296076923077,0.133076923076923,0.475384615384615,-0.0553846230769231,0.0076810454615384,-0.01973783,-0.0004507207692307,-272.076923076923,-2.07692307692308,274.153846153846,-4010,-28,4087,-251.7675574891608,0.2156307452865404,-1.133883124614387e-14,-0.1380979775860876,0
0.939560571428571,1.14835142857143,0.866300642857143,-0.295,-2.95928571428571,60.2257142857143,-0.0048130542857142,0.0277448657142857,0.0105329,696.214285714286,675.0,702.0,10611,10370,10755,-3.159080927735068,-3.929135280273193,224.5701233871141,61.15909083820386,0
0.946886142857143,1.21978071428571,0.871795642857143,-1.01571428571429,-3.36214285714286,65.3521428571429,-0.0175781142857143,-0.0590819935714286,0.0462472642857143,680.785714285714,673.071428571429,711.642857142857,10735,10345,10849,-16.43768765950295,-2.981958804101001,217.5308556243278,64.52481641520332,0
0.42948713125,0.42307675,0.389422875,-1.02375,-5.17625,75.62125,-0.013473467,0.0140991875,-0.01994319375,750.9375,756.0,762.75,14020,14081,14058,-11.79406463883085,-2.477928653550422,584.7874318971462,182.6615307077739,0
0.319758470588235,0.74359,0.963800764705882,0.867058823529412,0.686470588235294,-3.11176470588235,-0.0049833464705882,-0.0294548405882353,-0.0196461317647059,-112.764705882353,-328.764705882353,455.823529411765,-2434,-7022,9816,35.31362529215662,-196.5620704538081,2.256425327817198,-4.605127308700919,0
1.11764758823529,0.0226244117647059,1.10859682352941,0.564117647058824,0.0305882352941177,0.882352941176471,0.0175637928823529,-0.0118910705882353,-0.0110581347058824,-260.470588235294,0.0,258.882352941176,-4631,-4,4631,-2295.728000872378,-0.0291285891276626,-0.225995669828845,1.177060780358343,0
1.03318282352941,0.0120663588235294,0.895927470588235,0.177647058823529,0.179411764705882,0.457647058823529,0.0128676470588235,-0.01223576,-0.0101246541764706,-265.235294117647,3.17647058823529,266.823529411765,-5519,-5,5589,-155.0585900985149,-0.1000473378301909,0.7854532577872875,0.7072715677760056,0
0.806938235294118,0.0045248823529411,0.779789535294118,1.12529411764706,-0.335882352941176,1.45588235294118,0.0149931147058824,0.0007611399411764,-0.0181238747058824,-214.411764705882,0.0,214.411764705882,-3631,2,3611,-631.8547695114081,0.0,0.0,2.744780231102812,0
0.53092,1.08295605882353,0.541478294117647,0.63764705882353,0.356470588235294,-1.72176470588235,0.0155675517647059,0.0018669535294117,-0.0014791935294117,155.647058823529,-309.705882352941,152.470588235294,2877,-5835,2862,-12.03205574517937,-33.92849496527204,-0.2358009419756861,-2.396490823481566,0
0.562594352941177,1.03469088235294,0.472096294117647,0.185882352941176,-0.359411764705882,-1.73294117647059,0.0102826158823529,-0.0056008705882353,0.0102395405882353,150.882352941176,-317.647058823529,152.470588235294,2829,-5826,2915,-0.7020109437620721,-36.28714944395296,-2.21037587845459,-2.512255917410173,0
0.533936764705882,1.01659188235294,0.542986652941177,0.86764705882353,0.277058823529412,-1.15235294117647,0.0085736498823529,-0.0104118882941176,0.0093204252941176,139.764705882353,-290.647058823529,144.529411764706,2904,-5936,2912,21.05570376021407,-36.20733426860134,-0.9710644404065588,-1.651315311420689,0
0.343891247058823,0.720965470588235,0.853695823529412,0.374117647058823,-0.187647058823529,-2.07294117647059,0.0052418435294117,0.0009909658823529,0.0114315294117647,-103.235294117647,-303.352941176471,427.235294117647,-1992,-5903,8239,41.6213435862597,-152.3618836443246,3.443767293532602,-3.24140917265202,0
0.252991353333333,0.22564088,0.222222073333333,3.48466666666667,-4.61933333333333,87.8273333333333,0.0152181306666667,-0.0209961386666667,0.011132794,766.8,765.0,786.6,13295,13300,13343,-25.74140784010036,39.10645646482142,1058.543576478469,375.942431495994,0
0.382642846153846,0.552268461538462,0.289940538461538,-0.292307692307692,-1.02615384692308,18.06,-0.0037560161538461,0.0048640476923076,0.0129582299230769,166.153846153846,147.461538461538,168.230769230769,2458,2314,2579,-0.8961856223870951,-3.654264546314717,125.8849321737525,44.23381282290719,0
0.410256230769231,0.278106230769231,0.270216692307692,9.90538461538461,1.65846153846154,15.4869230769231,-0.0168550884615385,-0.0078312892307692,0.04204852,159.923076923077,168.230769230769,168.230769230769,2204,2304,2297,-2.372985558864158,-2.674218858814172,165.7062738814247,48.46821844570449,0
0.236686153846154,0.465483230769231,0.260354769230769,0.261538461538462,-1.11461538461538,16.23,-0.0060096029230769,-0.0038874639230769,0.0088266293076923,149.538461538462,149.538461538462,153.692307692308,2331,2168,2356,7.019493338960904,-0.3829113065731317,150.5268223002384,50.58558587717765,0
0.3948716,0.420512533333333,0.365811666666667,-0.357333333333333,-1.656,36.518,-0.005729172,0.020849608,0.017382792,349.2,347.4,354.6,5664,5621,5715,-7.433357553686427,-4.481022868153396,284.7818673706747,92.74814705196113,0
0.353845933333333,0.439316066666667,0.331623673333333,0.108,-1.002,36.2886666666667,0.0165527526666667,0.0095540386666666,0.0114257746666667,351.0,351.0,352.8,5732,5673,5717,-3.240247043843002,-0.3727488943594445,300.0883703777934,96.78795900155504,0
0.249572473333333,0.451282066666667,0.437606733333333,-0.351333333333333,-1.46066666666667,34.9013333333333,0.0217610833333333,0.0235351464,0.0169108033333333,334.8,327.6,327.6,5808,5710,5658,-1.531621669122699,-1.337159549351203,278.2696017964928,91.96950879577004,0
0.482051133333333,0.0068376066666666,0.309401406666667,0.423333333333333,0.188666666666667,0.481333326666667,0.0077636853333333,0.008203152,0.0049153686,-293.4,1.8,306.0,-4915,6,5071,-138.8721603940235,0.4628556260131343,5.772315620196745,1.808859296900559,0
1.03921505882353,0.0150829470588235,0.953242764705882,0.229411764705882,0.276470588235294,0.485294117647059,0.0136718670588235,-0.0055721647058823,0.0121639499411765,-260.470588235294,0.0,263.647058823529,-5320,-9,5391,-243.8591231502391,0.0647501156044308,0.5063254924386347,0.7252057834408189,0
0.516239466666667,0.0153846,0.369230466666667,0.66,0.440666667333333,0.394,0.0024739648,-0.0053385306666666,0.0008137932,-288.0,0.0,291.6,-4732,-1,4860,-157.7064884166998,0.1684794325612734,1.278781557986641,1.312083161059206,0
0.253204875,0.3349358125,0.1522434625,1.1375,1.070625,0.054375,-0.02204895,-0.0489349289375,-0.0350342,168.75,-357.75,170.4375,2976,-6159,3002,-0.66858373263146,-159.5471376227136,-8.022829677689572,0.2203239210729144,0
0.2083331375,0.296474125,0.16987165625,-0.1125,-0.429999999375,0.1356249875,-0.0089721825,-0.0116577175,-0.0026092486875,168.75,-356.0625,170.4375,3002,-6196,3043,-1.755081647839187,-195.8294246662243,-8.003771629162252,0.6030619039766583,0
0.1826921375,0.2692305625,0.18749981875,-0.064375,-0.04,0.50625,-0.00880433125,0.00067141375,0.00308227625,170.4375,-352.6875,173.8125,3018,-6225,3050,28.06995189565663,-249.5153976101925,-4.222540265953375,2.375178899598774,0
0.227350213333333,0.305982733333333,0.341880473333333,-1.23533333333333,0.578666666,0.59,0.036393232,0.04106441,0.0230468533333333,-115.2,-354.6,496.8,-1966,-5954,8140,213.7394064458464,-1021.066756404716,9.871844040585998,2.022356938870048,0
0.222222,0.266666406666667,0.3042732,0.475333333333333,0.472,1.42666666666667,0.0299804664666667,0.022607426,0.0124349007333333,-118.8,-363.6,495.0,-1919,-5835,7984,299.2214828447238,-6457.717188584409,5.083434089356014,5.396105630566431,0
0.2529912,0.20170922,0.264957006666667,0.628,0.434666666666667,0.675999993333333,0.0112630166666667,0.013411438,0.006526674,-115.2,-361.8,504.0,-1915,-5874,8006,2069.598485094909,388.500175932185,12.00566222602911,2.817995689152059,0
0.19316222,0.230769006666667,0.150427213333333,0.74,-1.38866666666667,21.3606666666667,0.0057617234,0.0153808846666667,0.0029947900666666,167.4,158.4,183.6,2771,2752,2846,-15.16382738802587,-11.59856944194081,283.8073530841486,111.5708603279498,0
0.140170826666667,0.184615213333333,0.2341878,0.678666666666667,-0.930666666666667,19.6593333333333,-0.0043456933333333,-0.004264324,-0.0080729178666666,180.0,178.2,172.8,2758,2730,2659,-3.063220226478254,-28.06361085125792,303.9839718582974,105.5106326051002,0
0.227350206666667,0.247863066666667,0.15384602,0.72,-1.01733333333333,17.988,-0.0098632702,-0.009440098,-0.0075846380666666,172.8,178.2,176.4,3017,3024,3053,-1.959118246493632,2.514692908263295,268.2850359790545,85.78482699074289,0
0.19316228,0.252991353333333,0.29743574,2.536,-0.572,40.24,-0.06075848,-0.0109537433333333,-0.001529962,370.8,360.0,356.4,6053,6034,6001,-5.523845016936988,-18.72356434253231,467.8692419079501,162.3470120582912,0
0.27863228,0.241025406666667,0.12649562,1.18,-2.642,43.448,-0.01686197,-0.0065104333333333,-0.022460932,351.0,358.2,370.8,6209,6272,6367,-5.205905117755083,-2.808115488429579,534.8551061628574,201.7220889979499,0
0.2017092,0.230769073333333,0.254700606666667,1.82933333333333,-1.59266667333333,37.966,-0.002929726,0.0168945053333333,-0.0092447973333333,356.4,363.6,365.4,5850,5864,5859,6.793332282492061,42.14354559893586,505.4382400187851,165.7465124080396,0
0.41025668,0.540170466666667,0.3042734,1.252,-4.24933333333333,80.0486666666667,0.0302898041333333,0.005061874,0.0732746666666666,752.4,748.8,770.4,12286,12240,12340,-6.793635438738527,-2.755544996682936,579.3496016897101,191.3966057065741,0
0.264957073333333,0.27692308,0.27692308,0.866,-4.178,85.708,-0.0301757873333333,-0.02480472,-0.028092462,763.2,768.6,777.6,11955,11953,11980,48.12939299543384,-12.03710772821218,902.5432024271762,314.0230124449062,0
1.126697,0.0211161176470588,0.927601058823529,0.712941176470588,-0.252941177058824,1.08176470588235,0.0435288794117647,0.0031738523529411,0.0116613017647059,-249.352941176471,4.76470588235294,265.235294117647,-5070,30,5239,-103.3858769783348,0.1262966972536519,3.183484698129509,1.56368278842422,0
